{
  "train_rows": 10000,
  "dev_rows": 998,
  "accuracy": 0.8867735470941884,
  "macro_f1": 0.8476041092943942,
  "labels": [
    "Saudi",
    "Egyptian",
    "Levantine",
    "Maghrebi"
  ]
}