{
  "Saudi": {
    "precision": 0.925,
    "recall": 0.74,
    "f1-score": 0.8222222222222222,
    "support": 100.0
  },
  "Egyptian": {
    "precision": 0.9027777777777778,
    "recall": 0.65,
    "f1-score": 0.7558139534883721,
    "support": 100.0
  },
  "Levantine": {
    "precision": 0.8888888888888888,
    "recall": 0.9223057644110275,
    "f1-score": 0.9052890528905289,
    "support": 399.0
  },
  "Maghrebi": {
    "precision": 0.8752886836027713,
    "recall": 0.9475,
    "f1-score": 0.9099639855942377,
    "support": 400.0
  },
  "accuracy": 0.8868868868868869,
  "macro avg": {
    "precision": 0.8979888375673595,
    "recall": 0.814951441102757,
    "f1-score": 0.8483223035488402,
    "support": 999.0
  },
  "weighted avg": {
    "precision": 0.8884483662518047,
    "recall": 0.8868868868868869,
    "f1-score": 0.8838834273394149,
    "support": 999.0
  }
}