{
  "Saudi": {
    "precision": 0.925,
    "recall": 0.74,
    "f1-score": 0.8222222222222222,
    "support": 100.0
  },
  "Egyptian": {
    "precision": 0.9014084507042254,
    "recall": 0.6464646464646465,
    "f1-score": 0.7529411764705882,
    "support": 99.0
  },
  "Levantine": {
    "precision": 0.8888888888888888,
    "recall": 0.9223057644110275,
    "f1-score": 0.9052890528905289,
    "support": 399.0
  },
  "Maghrebi": {
    "precision": 0.8752886836027713,
    "recall": 0.9475,
    "f1-score": 0.9099639855942377,
    "support": 400.0
  },
  "accuracy": 0.8867735470941884,
  "macro avg": {
    "precision": 0.8976465057989713,
    "recall": 0.8140676027189184,
    "f1-score": 0.8476041092943942,
    "support": 998.0
  },
  "weighted avg": {
    "precision": 0.8882981730736407,
    "recall": 0.8867735470941884,
    "f1-score": 0.8837267785910087,
    "support": 998.0
  }
}