{
  "Saudi": {
    "precision": 0.9607843137254902,
    "recall": 0.98,
    "f1-score": 0.9702970297029703,
    "support": 100.0
  },
  "Egyptian": {
    "precision": 0.9313725490196079,
    "recall": 0.95,
    "f1-score": 0.9405940594059405,
    "support": 100.0
  },
  "Levantine": {
    "precision": 0.9773869346733668,
    "recall": 0.974937343358396,
    "f1-score": 0.9761606022584692,
    "support": 399.0
  },
  "Maghrebi": {
    "precision": 0.9798488664987406,
    "recall": 0.9725,
    "f1-score": 0.9761606022584692,
    "support": 400.0
  },
  "accuracy": 0.9719719719719719,
  "macro avg": {
    "precision": 0.9623481659793014,
    "recall": 0.969359335839599,
    "f1-score": 0.9658030734064622,
    "support": 999.0
  },
  "weighted avg": {
    "precision": 0.9721047245332126,
    "recall": 0.9719719719719719,
    "f1-score": 0.972013443558967,
    "support": 999.0
  }
}