{
  "Saudi": {
    "precision": 0.9509803921568627,
    "recall": 0.97,
    "f1-score": 0.9603960396039604,
    "support": 100.0
  },
  "Egyptian": {
    "precision": 0.9387755102040817,
    "recall": 0.9292929292929293,
    "f1-score": 0.934010152284264,
    "support": 99.0
  },
  "Levantine": {
    "precision": 0.9821428571428571,
    "recall": 0.9649122807017544,
    "f1-score": 0.9734513274336283,
    "support": 399.0
  },
  "Maghrebi": {
    "precision": 0.9630541871921182,
    "recall": 0.9775,
    "f1-score": 0.9702233250620348,
    "support": 400.0
  },
  "accuracy": 0.966933867735471,
  "macro avg": {
    "precision": 0.95873823667398,
    "recall": 0.9604263024986709,
    "f1-score": 0.959520211095972,
    "support": 998.0
  },
  "weighted avg": {
    "precision": 0.9670676248524425,
    "recall": 0.966933867735471,
    "f1-score": 0.9669368924923546,
    "support": 998.0
  }
}