{
  "Saudi": {
    "precision": 0.9313725490196079,
    "recall": 0.95,
    "f1-score": 0.9405940594059405,
    "support": 100.0
  },
  "Egyptian": {
    "precision": 0.9782608695652174,
    "recall": 0.9090909090909091,
    "f1-score": 0.9424083769633508,
    "support": 99.0
  },
  "Levantine": {
    "precision": 0.9650872817955112,
    "recall": 0.9699248120300752,
    "f1-score": 0.9675,
    "support": 399.0
  },
  "Maghrebi": {
    "precision": 0.9702233250620348,
    "recall": 0.9775,
    "f1-score": 0.9738480697384807,
    "support": 400.0
  },
  "accuracy": 0.9649298597194389,
  "macro avg": {
    "precision": 0.9612360063605929,
    "recall": 0.9516289302802461,
    "f1-score": 0.956087626526943,
    "support": 998.0
  },
  "weighted avg": {
    "precision": 0.9650743852205813,
    "recall": 0.9649298597194389,
    "f1-score": 0.9648592817187956,
    "support": 998.0
  }
}