{
  "Saudi": {
    "precision": 0.9705882352941176,
    "recall": 0.99,
    "f1-score": 0.9801980198019802,
    "support": 100.0
  },
  "Egyptian": {
    "precision": 0.9489795918367347,
    "recall": 0.9393939393939394,
    "f1-score": 0.9441624365482234,
    "support": 99.0
  },
  "Levantine": {
    "precision": 0.9702233250620348,
    "recall": 0.9799498746867168,
    "f1-score": 0.9750623441396509,
    "support": 399.0
  },
  "Maghrebi": {
    "precision": 0.979746835443038,
    "recall": 0.9675,
    "f1-score": 0.9735849056603774,
    "support": 400.0
  },
  "accuracy": 0.9719438877755511,
  "macro avg": {
    "precision": 0.9673844969089813,
    "recall": 0.9692109535201641,
    "f1-score": 0.968251926537558,
    "support": 998.0
  },
  "weighted avg": {
    "precision": 0.9719695831645447,
    "recall": 0.9719438877755511,
    "f1-score": 0.9719195598941319,
    "support": 998.0
  }
}