{
  "model_name_or_path": "UBC-NLP/MARBERT",
  "train_rows": 10000,
  "eval_rows": 3328,
  "seed": 42,
  "device": "cuda",
  "checkpoint_dir": "artifacts/checkpoints/ood_marbert_reference",
  "accuracy": 0.6655649038461539,
  "macro_f1": 0.6442506245355852,
  "eval_loss": 2.082798341145882,
  "classification_report": {
    "Saudi": {
      "precision": 0.6014897579143389,
      "recall": 0.6211538461538462,
      "f1-score": 0.6111636707663197,
      "support": 520.0
    },
    "Egyptian": {
      "precision": 0.7962441314553991,
      "recall": 0.8146013448607109,
      "f1-score": 0.805318138651472,
      "support": 1041.0
    },
    "Levantine": {
      "precision": 0.40305522914218567,
      "recall": 0.5334370139968896,
      "f1-score": 0.45917001338688085,
      "support": 643.0
    },
    "Maghrebi": {
      "precision": 0.8011428571428572,
      "recall": 0.6236654804270463,
      "f1-score": 0.7013506753376688,
      "support": 1124.0
    },
    "accuracy": 0.6655649038461539,
    "macro avg": {
      "precision": 0.6504829939136951,
      "recall": 0.6482144213596233,
      "f1-score": 0.6442506245355852,
      "support": 3328.0
    },
    "weighted avg": {
      "precision": 0.6915005705311068,
      "recall": 0.6655649038461539,
      "f1-score": 0.6729885122662178,
      "support": 3328.0
    }
  },
  "confusion_matrix": [
    [
      323,
      21,
      117,
      59
    ],
    [
      15,
      848,
      129,
      49
    ],
    [
      122,
      112,
      343,
      66
    ],
    [
      77,
      84,
      262,
      701
    ]
  ],
  "per_class_metrics": {
    "Saudi": {
      "precision": 0.6014897579143389,
      "recall": 0.6211538461538462,
      "f1": 0.6111636707663197,
      "support": 520
    },
    "Egyptian": {
      "precision": 0.7962441314553991,
      "recall": 0.8146013448607109,
      "f1": 0.805318138651472,
      "support": 1041
    },
    "Levantine": {
      "precision": 0.40305522914218567,
      "recall": 0.5334370139968896,
      "f1": 0.45917001338688085,
      "support": 643
    },
    "Maghrebi": {
      "precision": 0.8011428571428572,
      "recall": 0.6236654804270463,
      "f1": 0.7013506753376688,
      "support": 1124
    }
  },
  "in_domain_accuracy": 0.966933867735471,
  "in_domain_macro_f1": 0.959520211095972,
  "delta_accuracy": -0.3013689638893171,
  "delta_macro_f1": -0.3152695865603867
}