{
  "model_name_or_path": "UBC-NLP/MARBERT",
  "train_rows": 10000,
  "eval_rows": 3267,
  "seed": 42,
  "device": "cuda",
  "checkpoint_dir": "artifacts/checkpoints/ood_marbert_reference",
  "accuracy": 0.6121824303642486,
  "macro_f1": 0.5937834285057177,
  "eval_loss": 2.554714026347482,
  "classification_report": {
    "Saudi": {
      "precision": 0.5678294573643411,
      "recall": 0.5060449050086355,
      "f1-score": 0.5351598173515981,
      "support": 579.0
    },
    "Egyptian": {
      "precision": 0.7710718002081165,
      "recall": 0.6925233644859813,
      "f1-score": 0.7296898079763663,
      "support": 1070.0
    },
    "Levantine": {
      "precision": 0.35331230283911674,
      "recall": 0.5783132530120482,
      "f1-score": 0.4386422976501306,
      "support": 581.0
    },
    "Maghrebi": {
      "precision": 0.7508939213349225,
      "recall": 0.6075216972034716,
      "f1-score": 0.6716417910447762,
      "support": 1037.0
    },
    "accuracy": 0.6121824303642486,
    "macro avg": {
      "precision": 0.6107768704366242,
      "recall": 0.5961008049275341,
      "f1-score": 0.5937834285057177,
      "support": 3267.0
    },
    "weighted avg": {
      "precision": 0.6543530843007285,
      "recall": 0.6121824303642486,
      "f1-score": 0.6250288769603447,
      "support": 3267.0
    }
  },
  "confusion_matrix": [
    [
      293,
      39,
      182,
      65
    ],
    [
      43,
      741,
      216,
      70
    ],
    [
      79,
      92,
      336,
      74
    ],
    [
      101,
      89,
      217,
      630
    ]
  ],
  "per_class_metrics": {
    "Saudi": {
      "precision": 0.5678294573643411,
      "recall": 0.5060449050086355,
      "f1": 0.5351598173515981,
      "support": 579
    },
    "Egyptian": {
      "precision": 0.7710718002081165,
      "recall": 0.6925233644859813,
      "f1": 0.7296898079763663,
      "support": 1070
    },
    "Levantine": {
      "precision": 0.35331230283911674,
      "recall": 0.5783132530120482,
      "f1": 0.4386422976501306,
      "support": 581
    },
    "Maghrebi": {
      "precision": 0.7508939213349225,
      "recall": 0.6075216972034716,
      "f1": 0.6716417910447762,
      "support": 1037
    }
  },
  "in_domain_accuracy": 0.966933867735471,
  "in_domain_macro_f1": 0.959520211095972,
  "delta_accuracy": -0.3547514373712224,
  "delta_macro_f1": -0.3657367825902542
}