{
  "train_rows": 10000,
  "eval_rows": 3267,
  "accuracy": 0.4762779308233854,
  "macro_f1": 0.44669941303181526,
  "classification_report": {
    "Saudi": {
      "precision": 0.5126050420168067,
      "recall": 0.21070811744386875,
      "f1-score": 0.29865361077111385,
      "support": 579.0
    },
    "Egyptian": {
      "precision": 0.791814946619217,
      "recall": 0.4158878504672897,
      "f1-score": 0.5453431372549019,
      "support": 1070.0
    },
    "Levantine": {
      "precision": 0.26995884773662554,
      "recall": 0.5645438898450946,
      "f1-score": 0.36525612472160357,
      "support": 581.0
    },
    "Maghrebi": {
      "precision": 0.5279552715654952,
      "recall": 0.6374156219864995,
      "f1-score": 0.5775447793796418,
      "support": 1037.0
    },
    "accuracy": 0.4762779308233854,
    "macro avg": {
      "precision": 0.5255835269845361,
      "recall": 0.45713886993568814,
      "f1-score": 0.44669941303181526,
      "support": 3267.0
    },
    "weighted avg": {
      "precision": 0.5657716618789995,
      "recall": 0.4762779308233854,
      "f1-score": 0.4798179804650016,
      "support": 3267.0
    }
  },
  "confusion_matrix": [
    [
      122,
      16,
      223,
      218
    ],
    [
      31,
      445,
      373,
      221
    ],
    [
      43,
      58,
      328,
      152
    ],
    [
      42,
      43,
      291,
      661
    ]
  ],
  "in_domain_accuracy": 0.8868868868868869,
  "in_domain_macro_f1": 0.8483223035488402,
  "delta_accuracy": -0.4106089560635015,
  "delta_macro_f1": -0.40162289051702493
}