{
  "train_rows": 10000,
  "eval_rows": 3328,
  "accuracy": 0.5153245192307693,
  "macro_f1": 0.4936609515430267,
  "classification_report": {
    "Saudi": {
      "precision": 0.5875486381322957,
      "recall": 0.2903846153846154,
      "f1-score": 0.3886743886743887,
      "support": 520.0
    },
    "Egyptian": {
      "precision": 0.7654516640253566,
      "recall": 0.46397694524495675,
      "f1-score": 0.5777511961722488,
      "support": 1041.0
    },
    "Levantine": {
      "precision": 0.30670926517571884,
      "recall": 0.5972006220839814,
      "f1-score": 0.40527704485488125,
      "support": 643.0
    },
    "Maghrebi": {
      "precision": 0.5867003367003367,
      "recall": 0.6201067615658363,
      "f1-score": 0.6029411764705882,
      "support": 1124.0
    },
    "accuracy": 0.5153245192307693,
    "macro avg": {
      "precision": 0.561602476008427,
      "recall": 0.4929172360698475,
      "f1-score": 0.4936609515430267,
      "support": 3328.0
    },
    "weighted avg": {
      "precision": 0.588649552295179,
      "recall": 0.5153245192307693,
      "f1-score": 0.5233920371155717,
      "support": 3328.0
    }
  },
  "confusion_matrix": [
    [
      151,
      20,
      206,
      143
    ],
    [
      20,
      483,
      334,
      204
    ],
    [
      51,
      64,
      384,
      144
    ],
    [
      35,
      64,
      328,
      697
    ]
  ],
  "in_domain_accuracy": 0.8868868868868869,
  "in_domain_macro_f1": 0.8483223035488402,
  "delta_accuracy": -0.3715623676561176,
  "delta_macro_f1": -0.3546613520058135
}